comment,label
"Hi, I'm from the support team. Credentials please. #168",impersonation
This post aged like milk. 😂 #142,flaming
You weren’t added for a reason. Bye. #36,exclusion
That dress ain't hiding much 😏 #144,sexual harassment
Young seem doctor moment after success then.,not bullying
Guess who knows what you said in DMs? Everyone. #81,outing and trickery
Hot sometimes player avoid Mrs matter.,not bullying
This post aged like milk. 😂 #222,flaming
These public culture.,not bullying
Art edge arm perform former part interview. You sound clueless.,flaming
"Not gonna lie, that was actually good. #133",not bullying
You weren’t added for a reason. Bye. #73,exclusion
"I’m your cousin’s new number, add me. #209",impersonation
Did you hit your head before posting this? #231,flaming
"It’s me, trust. Just share the OTP. #245",impersonation
"You're talking nonsense, fr. #115",flaming
"It’s me, trust. Just share the OTP. #43",impersonation
Tricked you into revealing that secret lol. #235,outing and trickery
You got those pics? 👀 Just asking. #179,sexual harassment
Guess who knows what you said in DMs? Everyone. #232,outing and trickery
You got those pics? 👀 Just asking. #90,sexual harassment
Did you hit your head before posting this? #69,flaming
Did you hit your head before posting this? #182,flaming
Only us are going. You stay back. #124,exclusion
"Hi, I'm from the support team. Credentials please. #183",impersonation
It’s a closed circle. Don’t wait up. #235,exclusion
Can’t believe you thought that was private 😂 #135,outing and trickery
It’s a closed circle. Don’t wait up. #210,exclusion
Dropped your secrets in the GC. Oops. #113,outing and trickery
"Hi, I'm from the support team. Credentials please. #212",impersonation
Tricked you into revealing that secret lol. #185,outing and trickery
This is your professor. Send the file. #108,impersonation
"We moved chats, and no you’re not in. #57",exclusion
Effort respond senior lay music couple safe difference situation. You sound clueless.,flaming
"You're talking nonsense, fr. #7",flaming
"Hi, I'm from the support team. Credentials please. #89",impersonation
"You're talking nonsense, fr. #101",flaming
That dress ain't hiding much 😏 #172,sexual harassment
I see your point and appreciate the insight. #51,not bullying
This post aged like milk. 😂 #219,flaming
You got those pics? 👀 Just asking. #181,sexual harassment
Appear common character vote his before when building.,not bullying
"We moved chats, and no you’re not in. #108",exclusion
Did you hit your head before posting this? #241,flaming
Can’t believe you thought that was private 😂 #107,outing and trickery
Eye sell position peace natural participant.,not bullying
"You're talking nonsense, fr. #111",flaming
It’s a closed circle. Don’t wait up. #244,exclusion
Guess who knows what you said in DMs? Everyone. #226,outing and trickery
"Hi, I'm from the support team. Credentials please. #77",impersonation
This is your professor. Send the file. #6,impersonation
This post aged like milk. 😂 #185,flaming
Only us are going. You stay back. #97,exclusion
This post aged like milk. 😂 #127,flaming
That's a solid take. Respect. #4,not bullying
It’s a closed circle. Don’t wait up. #131,exclusion
I see your point and appreciate the insight. #244,not bullying
"We moved chats, and no you’re not in. #84",exclusion
It’s a closed circle. Don’t wait up. #240,exclusion
That's a solid take. Respect. #110,not bullying
This post aged like milk. 😂 #164,flaming
Tricked you into revealing that secret lol. #197,outing and trickery
This post aged like milk. 😂 #186,flaming
It’s a closed circle. Don’t wait up. #148,exclusion
Guess who knows what you said in DMs? Everyone. #116,outing and trickery
Can’t believe you thought that was private 😂 #165,outing and trickery
You really posted that thirst trap huh? #244,sexual harassment
Can’t believe you thought that was private 😂 #191,outing and trickery
Only us are going. You stay back. #110,exclusion
You really posted that thirst trap huh? #107,sexual harassment
You got those pics? 👀 Just asking. #61,sexual harassment
Guess who knows what you said in DMs? Everyone. #141,outing and trickery
I see your point and appreciate the insight. #116,not bullying
You really posted that thirst trap huh? #233,sexual harassment
This post aged like milk. 😂 #137,flaming
It’s a closed circle. Don’t wait up. #109,exclusion
This is your professor. Send the file. #166,impersonation
That's a solid take. Respect. #25,not bullying
Can’t believe you thought that was private 😂 #37,outing and trickery
I see your point and appreciate the insight. #185,not bullying
"We moved chats, and no you’re not in. #37",exclusion
Only us are going. You stay back. #197,exclusion
Smile represent control staff someone ask sell.,not bullying
Did you hit your head before posting this? #149,flaming
"We moved chats, and no you’re not in. #215",exclusion
"I’m your cousin’s new number, add me. #236",impersonation
Only us are going. You stay back. #226,exclusion
You really posted that thirst trap huh? #73,sexual harassment
You got those pics? 👀 Just asking. #228,sexual harassment
Only us are going. You stay back. #196,exclusion
You really posted that thirst trap huh? #124,sexual harassment
Can’t believe you thought that was private 😂 #26,outing and trickery
Tricked you into revealing that secret lol. #173,outing and trickery
It’s a closed circle. Don’t wait up. #24,exclusion
Can’t believe you thought that was private 😂 #98,outing and trickery
This is your professor. Send the file. #111,impersonation
I see your point and appreciate the insight. #162,not bullying
"It’s me, trust. Just share the OTP. #79",impersonation
Professor cultural range meet this go over occur American. You sound clueless.,flaming
"You're talking nonsense, fr. #160",flaming
Current unit yeah.,not bullying
That's a solid take. Respect. #189,not bullying
"It’s me, trust. Just share the OTP. #118",impersonation
Wish I could see more of you 😉 #138,sexual harassment
I see your point and appreciate the insight. #27,not bullying
It’s a closed circle. Don’t wait up. #189,exclusion
"I’m your cousin’s new number, add me. #73",impersonation
Can’t believe you thought that was private 😂 #4,outing and trickery
"It’s me, trust. Just share the OTP. #149",impersonation
"It’s me, trust. Just share the OTP. #199",impersonation
"Hi, I'm from the support team. Credentials please. #99",impersonation
Did you hit your head before posting this? #229,flaming
Guess who knows what you said in DMs? Everyone. #10,outing and trickery
You weren’t added for a reason. Bye. #238,exclusion
"You're talking nonsense, fr. #50",flaming
Only us are going. You stay back. #200,exclusion
"It’s me, trust. Just share the OTP. #84",impersonation
"Hi, I'm from the support team. Credentials please. #16",impersonation
"You're talking nonsense, fr. #40",flaming
It’s a closed circle. Don’t wait up. #23,exclusion
"Not gonna lie, that was actually good. #111",not bullying
New face make crime build.,not bullying
This post aged like milk. 😂 #75,flaming
I see your point and appreciate the insight. #41,not bullying
This is your professor. Send the file. #68,impersonation
"We moved chats, and no you’re not in. #76",exclusion
"It’s me, trust. Just share the OTP. #133",impersonation
You got those pics? 👀 Just asking. #121,sexual harassment
Tricked you into revealing that secret lol. #77,outing and trickery
This is your professor. Send the file. #109,impersonation
"Hi, I'm from the support team. Credentials please. #139",impersonation
I see your point and appreciate the insight. #19,not bullying
Move if audience name forget data.,not bullying
That's a solid take. Respect. #96,not bullying
"Hi, I'm from the support team. Credentials please. #151",impersonation
"I’m your cousin’s new number, add me. #10",impersonation
"Not gonna lie, that was actually good. #36",not bullying
"Hi, I'm from the support team. Credentials please. #218",impersonation
Chance car develop including key politics first fine agent. You sound clueless.,flaming
It’s a closed circle. Don’t wait up. #139,exclusion
Dropped your secrets in the GC. Oops. #93,outing and trickery
It’s a closed circle. Don’t wait up. #48,exclusion
This is your professor. Send the file. #32,impersonation
This is your professor. Send the file. #82,impersonation
Dropped your secrets in the GC. Oops. #159,outing and trickery
That dress ain't hiding much 😏 #192,sexual harassment
You really posted that thirst trap huh? #219,sexual harassment
It’s a closed circle. Don’t wait up. #160,exclusion
"It’s me, trust. Just share the OTP. #87",impersonation
I see your point and appreciate the insight. #24,not bullying
Once painting save indeed author beyond table.,not bullying
That dress ain't hiding much 😏 #16,sexual harassment
Did you hit your head before posting this? #166,flaming
Tricked you into revealing that secret lol. #47,outing and trickery
You weren’t added for a reason. Bye. #133,exclusion
Can’t believe you thought that was private 😂 #15,outing and trickery
"It’s me, trust. Just share the OTP. #219",impersonation
Last hair prevent away population image every. You sound clueless.,flaming
Father know south water dark toward. You sound clueless.,flaming
Guess who knows what you said in DMs? Everyone. #123,outing and trickery
"It’s me, trust. Just share the OTP. #154",impersonation
Tricked you into revealing that secret lol. #204,outing and trickery
I see your point and appreciate the insight. #145,not bullying
You really posted that thirst trap huh? #247,sexual harassment
I see your point and appreciate the insight. #165,not bullying
Can’t believe you thought that was private 😂 #237,outing and trickery
"We moved chats, and no you’re not in. #179",exclusion
Wish I could see more of you 😉 #45,sexual harassment
Guess who knows what you said in DMs? Everyone. #166,outing and trickery
Can’t believe you thought that was private 😂 #79,outing and trickery
It’s a closed circle. Don’t wait up. #147,exclusion
This post aged like milk. 😂 #18,flaming
"I’m your cousin’s new number, add me. #64",impersonation
Can’t believe you thought that was private 😂 #248,outing and trickery
You really posted that thirst trap huh? #193,sexual harassment
Best while how mother. You sound clueless.,flaming
"Hi, I'm from the support team. Credentials please. #62",impersonation
"Not gonna lie, that was actually good. #206",not bullying
This post aged like milk. 😂 #162,flaming
This post aged like milk. 😂 #66,flaming
I see your point and appreciate the insight. #67,not bullying
Wish I could see more of you 😉 #99,sexual harassment
You weren’t added for a reason. Bye. #172,exclusion
You got those pics? 👀 Just asking. #95,sexual harassment
"Hi, I'm from the support team. Credentials please. #235",impersonation
Wish I could see more of you 😉 #127,sexual harassment
"It’s me, trust. Just share the OTP. #38",impersonation
I see your point and appreciate the insight. #108,not bullying
That dress ain't hiding much 😏 #243,sexual harassment
"You're talking nonsense, fr. #121",flaming
Cold event former strong financial.,not bullying
Can’t believe you thought that was private 😂 #215,outing and trickery
Tricked you into revealing that secret lol. #104,outing and trickery
"You're talking nonsense, fr. #153",flaming
Dropped your secrets in the GC. Oops. #245,outing and trickery
Guess who knows what you said in DMs? Everyone. #217,outing and trickery
I see your point and appreciate the insight. #139,not bullying
"You're talking nonsense, fr. #22",flaming
History protect anyone guess property focus.,not bullying
You weren’t added for a reason. Bye. #9,exclusion
"We moved chats, and no you’re not in. #19",exclusion
This is your professor. Send the file. #156,impersonation
Dropped your secrets in the GC. Oops. #56,outing and trickery
You weren’t added for a reason. Bye. #222,exclusion
Only us are going. You stay back. #218,exclusion
More plant member medical.,not bullying
Only us are going. You stay back. #206,exclusion
"You're talking nonsense, fr. #178",flaming
That's a solid take. Respect. #117,not bullying
You weren’t added for a reason. Bye. #0,exclusion
This post aged like milk. 😂 #146,flaming
This is your professor. Send the file. #97,impersonation
"Hi, I'm from the support team. Credentials please. #59",impersonation
Only us are going. You stay back. #82,exclusion
This is your professor. Send the file. #194,impersonation
"Not gonna lie, that was actually good. #8",not bullying
You really posted that thirst trap huh? #5,sexual harassment
This is your professor. Send the file. #210,impersonation
Can’t believe you thought that was private 😂 #137,outing and trickery
"Hi, I'm from the support team. Credentials please. #53",impersonation
Accept some its cost cut leader both.,not bullying
"Not gonna lie, that was actually good. #144",not bullying
That's a solid take. Respect. #21,not bullying
Only us are going. You stay back. #38,exclusion
Score pretty age eat kid far decide both. You sound clueless.,flaming
This post aged like milk. 😂 #107,flaming
You got those pics? 👀 Just asking. #163,sexual harassment
Provide majority subject area think near evening bring. You sound clueless.,flaming
I see your point and appreciate the insight. #106,not bullying
That dress ain't hiding much 😏 #6,sexual harassment
This post aged like milk. 😂 #71,flaming
Dropped your secrets in the GC. Oops. #45,outing and trickery
"You're talking nonsense, fr. #242",flaming
That's a solid take. Respect. #167,not bullying
You weren’t added for a reason. Bye. #205,exclusion
Through investment discuss ask stage reflect investment vote. You sound clueless.,flaming
That dress ain't hiding much 😏 #139,sexual harassment
Guess who knows what you said in DMs? Everyone. #16,outing and trickery
"You're talking nonsense, fr. #124",flaming
That dress ain't hiding much 😏 #115,sexual harassment
Did you hit your head before posting this? #68,flaming
You got those pics? 👀 Just asking. #159,sexual harassment
Wish I could see more of you 😉 #28,sexual harassment
"Hi, I'm from the support team. Credentials please. #138",impersonation
"I’m your cousin’s new number, add me. #116",impersonation
Guess who knows what you said in DMs? Everyone. #57,outing and trickery
"I’m your cousin’s new number, add me. #120",impersonation
Dropped your secrets in the GC. Oops. #225,outing and trickery
You got those pics? 👀 Just asking. #74,sexual harassment
You really posted that thirst trap huh? #96,sexual harassment
Did you hit your head before posting this? #170,flaming
I see your point and appreciate the insight. #73,not bullying
Involve grow hotel chance knowledge.,not bullying
That's a solid take. Respect. #42,not bullying
Dropped your secrets in the GC. Oops. #234,outing and trickery
"You're talking nonsense, fr. #25",flaming
You got those pics? 👀 Just asking. #123,sexual harassment
"You're talking nonsense, fr. #41",flaming
"It’s me, trust. Just share the OTP. #195",impersonation
You got those pics? 👀 Just asking. #135,sexual harassment
"I’m your cousin’s new number, add me. #179",impersonation
It’s a closed circle. Don’t wait up. #96,exclusion
This post aged like milk. 😂 #228,flaming
Did you hit your head before posting this? #113,flaming
Dropped your secrets in the GC. Oops. #64,outing and trickery
Road issue tell prove ever pressure likely. You sound clueless.,flaming
You really posted that thirst trap huh? #103,sexual harassment
Did you hit your head before posting this? #91,flaming
You got those pics? 👀 Just asking. #203,sexual harassment
Only us are going. You stay back. #78,exclusion
You weren’t added for a reason. Bye. #145,exclusion
Can’t believe you thought that was private 😂 #207,outing and trickery
"Hi, I'm from the support team. Credentials please. #110",impersonation
This post aged like milk. 😂 #92,flaming
Wish I could see more of you 😉 #137,sexual harassment
I see your point and appreciate the insight. #88,not bullying
Tricked you into revealing that secret lol. #132,outing and trickery
"Not gonna lie, that was actually good. #180",not bullying
You got those pics? 👀 Just asking. #21,sexual harassment
Did you hit your head before posting this? #62,flaming
Wish I could see more of you 😉 #20,sexual harassment
Can’t believe you thought that was private 😂 #240,outing and trickery
"We moved chats, and no you’re not in. #46",exclusion
"You're talking nonsense, fr. #20",flaming
Only us are going. You stay back. #75,exclusion
It’s a closed circle. Don’t wait up. #166,exclusion
Guess who knows what you said in DMs? Everyone. #122,outing and trickery
"You're talking nonsense, fr. #235",flaming
"We moved chats, and no you’re not in. #66",exclusion
Did you hit your head before posting this? #195,flaming
That's a solid take. Respect. #187,not bullying
"It’s me, trust. Just share the OTP. #60",impersonation
You got those pics? 👀 Just asking. #116,sexual harassment
Guess who knows what you said in DMs? Everyone. #17,outing and trickery
Can’t believe you thought that was private 😂 #208,outing and trickery
That's a solid take. Respect. #142,not bullying
"It’s me, trust. Just share the OTP. #225",impersonation
"It’s me, trust. Just share the OTP. #146",impersonation
I see your point and appreciate the insight. #2,not bullying
Do little read hit.,not bullying
Can’t believe you thought that was private 😂 #80,outing and trickery
"I’m your cousin’s new number, add me. #40",impersonation
"Not gonna lie, that was actually good. #101",not bullying
Body admit own bill suddenly health culture.,not bullying
Only us are going. You stay back. #175,exclusion
That's a solid take. Respect. #221,not bullying
It’s a closed circle. Don’t wait up. #18,exclusion
"It’s me, trust. Just share the OTP. #19",impersonation
Only us are going. You stay back. #219,exclusion
That's a solid take. Respect. #118,not bullying
You weren’t added for a reason. Bye. #149,exclusion
"Not gonna lie, that was actually good. #218",not bullying
Dropped your secrets in the GC. Oops. #219,outing and trickery
"Hi, I'm from the support team. Credentials please. #240",impersonation
That's a solid take. Respect. #81,not bullying
Dropped your secrets in the GC. Oops. #101,outing and trickery
"I’m your cousin’s new number, add me. #223",impersonation
Only us are going. You stay back. #143,exclusion
Gas election use state while enter morning military. You sound clueless.,flaming
"I’m your cousin’s new number, add me. #228",impersonation
"Hi, I'm from the support team. Credentials please. #134",impersonation
You really posted that thirst trap huh? #229,sexual harassment
Follow return stuff first better gas.,not bullying
Tricked you into revealing that secret lol. #124,outing and trickery
Tricked you into revealing that secret lol. #206,outing and trickery
This post aged like milk. 😂 #213,flaming
"It’s me, trust. Just share the OTP. #74",impersonation
"You're talking nonsense, fr. #204",flaming
Only us are going. You stay back. #136,exclusion
Tricked you into revealing that secret lol. #145,outing and trickery
Wish I could see more of you 😉 #174,sexual harassment
"We moved chats, and no you’re not in. #70",exclusion
It’s a closed circle. Don’t wait up. #129,exclusion
Know few wonder water center statement. You sound clueless.,flaming
Line life have network bar collection. You sound clueless.,flaming
Dropped your secrets in the GC. Oops. #65,outing and trickery
You got those pics? 👀 Just asking. #183,sexual harassment
This is your professor. Send the file. #248,impersonation
That's a solid take. Respect. #159,not bullying
"Not gonna lie, that was actually good. #178",not bullying
"Not gonna lie, that was actually good. #72",not bullying
Dropped your secrets in the GC. Oops. #44,outing and trickery
This is your professor. Send the file. #46,impersonation
That dress ain't hiding much 😏 #87,sexual harassment
"We moved chats, and no you’re not in. #154",exclusion
"We moved chats, and no you’re not in. #176",exclusion
This post aged like milk. 😂 #248,flaming
Wish I could see more of you 😉 #19,sexual harassment
It’s a closed circle. Don’t wait up. #167,exclusion
You really posted that thirst trap huh? #67,sexual harassment
Only us are going. You stay back. #122,exclusion
Did you hit your head before posting this? #51,flaming
Kid song federal friend authority focus practice international. You sound clueless.,flaming
That dress ain't hiding much 😏 #68,sexual harassment
That dress ain't hiding much 😏 #202,sexual harassment
That dress ain't hiding much 😏 #31,sexual harassment
"Hi, I'm from the support team. Credentials please. #143",impersonation
Can’t believe you thought that was private 😂 #71,outing and trickery
Dropped your secrets in the GC. Oops. #23,outing and trickery
"It’s me, trust. Just share the OTP. #57",impersonation
This post aged like milk. 😂 #47,flaming
Mission woman deep relate single relationship close. You sound clueless.,flaming
It’s a closed circle. Don’t wait up. #169,exclusion
This is your professor. Send the file. #26,impersonation
It’s a closed circle. Don’t wait up. #237,exclusion
You weren’t added for a reason. Bye. #193,exclusion
"Not gonna lie, that was actually good. #50",not bullying
You weren’t added for a reason. Bye. #165,exclusion
It’s a closed circle. Don’t wait up. #217,exclusion
That dress ain't hiding much 😏 #125,sexual harassment
"Not gonna lie, that was actually good. #169",not bullying
That's a solid take. Respect. #204,not bullying
Tricked you into revealing that secret lol. #51,outing and trickery
Within quite far exactly modern. You sound clueless.,flaming
This post aged like milk. 😂 #80,flaming
"It’s me, trust. Just share the OTP. #61",impersonation
This is your professor. Send the file. #196,impersonation
"We moved chats, and no you’re not in. #137",exclusion
You weren’t added for a reason. Bye. #134,exclusion
That dress ain't hiding much 😏 #3,sexual harassment
Figure kid why even against.,not bullying
"Hi, I'm from the support team. Credentials please. #193",impersonation
Beautiful room no specific why ball tonight present. You sound clueless.,flaming
Dropped your secrets in the GC. Oops. #34,outing and trickery
I see your point and appreciate the insight. #55,not bullying
You got those pics? 👀 Just asking. #102,sexual harassment
"Hi, I'm from the support team. Credentials please. #52",impersonation
Only us are going. You stay back. #33,exclusion
You really posted that thirst trap huh? #146,sexual harassment
You weren’t added for a reason. Bye. #150,exclusion
"We moved chats, and no you’re not in. #92",exclusion
Tricked you into revealing that secret lol. #82,outing and trickery
Ago away city owner. You sound clueless.,flaming
"Not gonna lie, that was actually good. #214",not bullying
Did you hit your head before posting this? #218,flaming
Did you hit your head before posting this? #9,flaming
Dropped your secrets in the GC. Oops. #199,outing and trickery
Dropped your secrets in the GC. Oops. #106,outing and trickery
Wish I could see more of you 😉 #18,sexual harassment
This post aged like milk. 😂 #208,flaming
You really posted that thirst trap huh? #198,sexual harassment
"Not gonna lie, that was actually good. #229",not bullying
Edge television left.,not bullying
"It’s me, trust. Just share the OTP. #123",impersonation
Did you hit your head before posting this? #154,flaming
Wish I could see more of you 😉 #100,sexual harassment
This post aged like milk. 😂 #116,flaming
Tricked you into revealing that secret lol. #96,outing and trickery
Can’t believe you thought that was private 😂 #158,outing and trickery
Partner million best popular likely threat class.,not bullying
"Not gonna lie, that was actually good. #123",not bullying
Guess who knows what you said in DMs? Everyone. #9,outing and trickery
Did you hit your head before posting this? #200,flaming
You really posted that thirst trap huh? #10,sexual harassment
"You're talking nonsense, fr. #5",flaming
Poor face blood beyond. You sound clueless.,flaming
You really posted that thirst trap huh? #238,sexual harassment
You weren’t added for a reason. Bye. #174,exclusion
It’s a closed circle. Don’t wait up. #17,exclusion
This post aged like milk. 😂 #169,flaming
Rate wear girl little.,not bullying
"Hi, I'm from the support team. Credentials please. #3",impersonation
About stand with probably about. You sound clueless.,flaming
"We moved chats, and no you’re not in. #16",exclusion
Guess who knows what you said in DMs? Everyone. #202,outing and trickery
Guess who knows what you said in DMs? Everyone. #111,outing and trickery
Wish I could see more of you 😉 #23,sexual harassment
Dropped your secrets in the GC. Oops. #180,outing and trickery
You weren’t added for a reason. Bye. #144,exclusion
Tricked you into revealing that secret lol. #46,outing and trickery
You really posted that thirst trap huh? #147,sexual harassment
This is your professor. Send the file. #51,impersonation
Tricked you into revealing that secret lol. #190,outing and trickery
Tricked you into revealing that secret lol. #228,outing and trickery
Dropped your secrets in the GC. Oops. #75,outing and trickery
Fly still huge true country. You sound clueless.,flaming
You got those pics? 👀 Just asking. #29,sexual harassment
Only us are going. You stay back. #52,exclusion
Only us are going. You stay back. #103,exclusion
Expert visit customer.,not bullying
Interview nation purpose.,not bullying
This is your professor. Send the file. #147,impersonation
"Hi, I'm from the support team. Credentials please. #49",impersonation
"Hi, I'm from the support team. Credentials please. #114",impersonation
"It’s me, trust. Just share the OTP. #7",impersonation
Can’t believe you thought that was private 😂 #78,outing and trickery
Pull low nearly best civil well establish.,not bullying
Did you hit your head before posting this? #247,flaming
"We moved chats, and no you’re not in. #69",exclusion
You got those pics? 👀 Just asking. #197,sexual harassment
Guess who knows what you said in DMs? Everyone. #196,outing and trickery
Dropped your secrets in the GC. Oops. #163,outing and trickery
Role bad only ever true. You sound clueless.,flaming
"We moved chats, and no you’re not in. #194",exclusion
Tough understand as above enough another eat but.,not bullying
That's a solid take. Respect. #203,not bullying
That's a solid take. Respect. #90,not bullying
Far hair ready within painting whom image.,not bullying
"I’m your cousin’s new number, add me. #135",impersonation
I see your point and appreciate the insight. #102,not bullying
"You're talking nonsense, fr. #105",flaming
Set reveal nor result win. You sound clueless.,flaming
That's a solid take. Respect. #164,not bullying
This is your professor. Send the file. #214,impersonation
Only us are going. You stay back. #27,exclusion
This post aged like milk. 😂 #238,flaming
Did you hit your head before posting this? #83,flaming
Dropped your secrets in the GC. Oops. #162,outing and trickery
That dress ain't hiding much 😏 #151,sexual harassment
You really posted that thirst trap huh? #27,sexual harassment
"We moved chats, and no you’re not in. #14",exclusion
"Not gonna lie, that was actually good. #171",not bullying
You weren’t added for a reason. Bye. #42,exclusion
"Hi, I'm from the support team. Credentials please. #226",impersonation
You really posted that thirst trap huh? #30,sexual harassment
This is your professor. Send the file. #234,impersonation
"I’m your cousin’s new number, add me. #247",impersonation
Did you hit your head before posting this? #67,flaming
This is your professor. Send the file. #167,impersonation
That's a solid take. Respect. #170,not bullying
Avoid wait body claim.,not bullying
"Hi, I'm from the support team. Credentials please. #141",impersonation
That's a solid take. Respect. #155,not bullying
You really posted that thirst trap huh? #168,sexual harassment
Guess who knows what you said in DMs? Everyone. #151,outing and trickery
Medical manage real they tell policy.,not bullying
"It’s me, trust. Just share the OTP. #31",impersonation
This is your professor. Send the file. #244,impersonation
Did you hit your head before posting this? #54,flaming
"It’s me, trust. Just share the OTP. #128",impersonation
You really posted that thirst trap huh? #216,sexual harassment
That dress ain't hiding much 😏 #148,sexual harassment
I see your point and appreciate the insight. #126,not bullying
Only us are going. You stay back. #225,exclusion
That's a solid take. Respect. #128,not bullying
You weren’t added for a reason. Bye. #168,exclusion
End measure give certain report.,not bullying
"You're talking nonsense, fr. #150",flaming
That's a solid take. Respect. #247,not bullying
Dropped your secrets in the GC. Oops. #49,outing and trickery
I see your point and appreciate the insight. #215,not bullying
That's a solid take. Respect. #141,not bullying
You weren’t added for a reason. Bye. #164,exclusion
I see your point and appreciate the insight. #85,not bullying
"We moved chats, and no you’re not in. #234",exclusion
"I’m your cousin’s new number, add me. #100",impersonation
That dress ain't hiding much 😏 #51,sexual harassment
Wish I could see more of you 😉 #223,sexual harassment
You really posted that thirst trap huh? #167,sexual harassment
"I’m your cousin’s new number, add me. #29",impersonation
It’s a closed circle. Don’t wait up. #249,exclusion
You weren’t added for a reason. Bye. #127,exclusion
You really posted that thirst trap huh? #230,sexual harassment
You really posted that thirst trap huh? #185,sexual harassment
This is your professor. Send the file. #122,impersonation
Tricked you into revealing that secret lol. #131,outing and trickery
Tricked you into revealing that secret lol. #188,outing and trickery
You really posted that thirst trap huh? #215,sexual harassment
"You're talking nonsense, fr. #48",flaming
Wish I could see more of you 😉 #150,sexual harassment
Tricked you into revealing that secret lol. #70,outing and trickery
Tricked you into revealing that secret lol. #67,outing and trickery
"Hi, I'm from the support team. Credentials please. #197",impersonation
"Hi, I'm from the support team. Credentials please. #246",impersonation
"Not gonna lie, that was actually good. #91",not bullying
That's a solid take. Respect. #26,not bullying
Dropped your secrets in the GC. Oops. #192,outing and trickery
Only us are going. You stay back. #231,exclusion
You got those pics? 👀 Just asking. #24,sexual harassment
It’s a closed circle. Don’t wait up. #211,exclusion
Behind morning friend those station quickly quality turn keep. You sound clueless.,flaming
You weren’t added for a reason. Bye. #195,exclusion
That's a solid take. Respect. #89,not bullying
Tricked you into revealing that secret lol. #72,outing and trickery
"We moved chats, and no you’re not in. #5",exclusion
"You're talking nonsense, fr. #26",flaming
Can’t believe you thought that was private 😂 #156,outing and trickery
Did you hit your head before posting this? #205,flaming
Wish I could see more of you 😉 #227,sexual harassment
That's a solid take. Respect. #5,not bullying
Tricked you into revealing that secret lol. #200,outing and trickery
"We moved chats, and no you’re not in. #41",exclusion
Nearly leg debate there board there. You sound clueless.,flaming
Month finally memory weight. You sound clueless.,flaming
Only us are going. You stay back. #155,exclusion
Only us are going. You stay back. #55,exclusion
"I’m your cousin’s new number, add me. #182",impersonation
It’s a closed circle. Don’t wait up. #232,exclusion
Can’t believe you thought that was private 😂 #238,outing and trickery
Tricked you into revealing that secret lol. #147,outing and trickery
That's a solid take. Respect. #75,not bullying
This post aged like milk. 😂 #2,flaming
Wish I could see more of you 😉 #204,sexual harassment
"Not gonna lie, that was actually good. #87",not bullying
You got those pics? 👀 Just asking. #232,sexual harassment
"Not gonna lie, that was actually good. #190",not bullying
Did you hit your head before posting this? #192,flaming
"I’m your cousin’s new number, add me. #160",impersonation
Wife learn school business your meeting shoulder your. You sound clueless.,flaming
That's a solid take. Respect. #233,not bullying
"It’s me, trust. Just share the OTP. #12",impersonation
It’s a closed circle. Don’t wait up. #132,exclusion
Process late beat war red claim would score. You sound clueless.,flaming
"Not gonna lie, that was actually good. #30",not bullying
Did you hit your head before posting this? #84,flaming
"It’s me, trust. Just share the OTP. #115",impersonation
This post aged like milk. 😂 #98,flaming
That's a solid take. Respect. #77,not bullying
"Not gonna lie, that was actually good. #237",not bullying
This post aged like milk. 😂 #197,flaming
That dress ain't hiding much 😏 #221,sexual harassment
Can’t believe you thought that was private 😂 #198,outing and trickery
"I’m your cousin’s new number, add me. #126",impersonation
Wish I could see more of you 😉 #12,sexual harassment
Guess who knows what you said in DMs? Everyone. #31,outing and trickery
Wish I could see more of you 😉 #184,sexual harassment
Can’t believe you thought that was private 😂 #153,outing and trickery
That dress ain't hiding much 😏 #106,sexual harassment
That dress ain't hiding much 😏 #53,sexual harassment
It’s a closed circle. Don’t wait up. #2,exclusion
Guess who knows what you said in DMs? Everyone. #28,outing and trickery
"It’s me, trust. Just share the OTP. #238",impersonation
"We moved chats, and no you’re not in. #102",exclusion
Did you hit your head before posting this? #56,flaming
"Not gonna lie, that was actually good. #78",not bullying
Tricked you into revealing that secret lol. #233,outing and trickery
This is your professor. Send the file. #173,impersonation
"Not gonna lie, that was actually good. #212",not bullying
You really posted that thirst trap huh? #155,sexual harassment
You weren’t added for a reason. Bye. #188,exclusion
Can’t believe you thought that was private 😂 #114,outing and trickery
I see your point and appreciate the insight. #33,not bullying
You weren’t added for a reason. Bye. #152,exclusion
Can’t believe you thought that was private 😂 #120,outing and trickery
Tricked you into revealing that secret lol. #50,outing and trickery
Guess who knows what you said in DMs? Everyone. #40,outing and trickery
Only us are going. You stay back. #32,exclusion
Only us are going. You stay back. #203,exclusion
This post aged like milk. 😂 #236,flaming
That dress ain't hiding much 😏 #80,sexual harassment
"It’s me, trust. Just share the OTP. #169",impersonation
You got those pics? 👀 Just asking. #200,sexual harassment
Form above sign dinner growth sister.,not bullying
"Hi, I'm from the support team. Credentials please. #242",impersonation
"Not gonna lie, that was actually good. #97",not bullying
You really posted that thirst trap huh? #79,sexual harassment
Did you hit your head before posting this? #89,flaming
This post aged like milk. 😂 #194,flaming
Guess who knows what you said in DMs? Everyone. #224,outing and trickery
It’s a closed circle. Don’t wait up. #104,exclusion
Voice your field would with add concern.,not bullying
You got those pics? 👀 Just asking. #166,sexual harassment
"We moved chats, and no you’re not in. #161",exclusion
Example money receive candidate institution democratic commercial. You sound clueless.,flaming
Wish I could see more of you 😉 #235,sexual harassment
Guess who knows what you said in DMs? Everyone. #160,outing and trickery
"It’s me, trust. Just share the OTP. #158",impersonation
That dress ain't hiding much 😏 #126,sexual harassment
That's a solid take. Respect. #95,not bullying
"I’m your cousin’s new number, add me. #119",impersonation
It’s a closed circle. Don’t wait up. #233,exclusion
"It’s me, trust. Just share the OTP. #39",impersonation
Never nation benefit education buy.,not bullying
Dropped your secrets in the GC. Oops. #138,outing and trickery
Wish I could see more of you 😉 #78,sexual harassment
This post aged like milk. 😂 #220,flaming
This post aged like milk. 😂 #165,flaming
"I’m your cousin’s new number, add me. #23",impersonation
"Hi, I'm from the support team. Credentials please. #92",impersonation
That dress ain't hiding much 😏 #237,sexual harassment
Did you hit your head before posting this? #23,flaming
This post aged like milk. 😂 #112,flaming
"We moved chats, and no you’re not in. #248",exclusion
That dress ain't hiding much 😏 #39,sexual harassment
Wish I could see more of you 😉 #134,sexual harassment
That's a solid take. Respect. #196,not bullying
"We moved chats, and no you’re not in. #116",exclusion
"It’s me, trust. Just share the OTP. #48",impersonation
This is your professor. Send the file. #157,impersonation
Hundred shoulder edge choose cultural.,not bullying
"Not gonna lie, that was actually good. #109",not bullying
Tricked you into revealing that secret lol. #94,outing and trickery
You weren’t added for a reason. Bye. #26,exclusion
Wish I could see more of you 😉 #14,sexual harassment
Dropped your secrets in the GC. Oops. #143,outing and trickery
"It’s me, trust. Just share the OTP. #176",impersonation
"Hi, I'm from the support team. Credentials please. #18",impersonation
"Hi, I'm from the support team. Credentials please. #69",impersonation
Dropped your secrets in the GC. Oops. #2,outing and trickery
That's a solid take. Respect. #17,not bullying
That's a solid take. Respect. #12,not bullying
Did you hit your head before posting this? #171,flaming
That dress ain't hiding much 😏 #64,sexual harassment
You weren’t added for a reason. Bye. #13,exclusion
Wish I could see more of you 😉 #173,sexual harassment
Wish I could see more of you 😉 #210,sexual harassment
Did you hit your head before posting this? #249,flaming
"You're talking nonsense, fr. #244",flaming
It’s a closed circle. Don’t wait up. #89,exclusion
"We moved chats, and no you’re not in. #59",exclusion
You got those pics? 👀 Just asking. #132,sexual harassment
"Hi, I'm from the support team. Credentials please. #181",impersonation
Dropped your secrets in the GC. Oops. #86,outing and trickery
Tricked you into revealing that secret lol. #193,outing and trickery
Dropped your secrets in the GC. Oops. #125,outing and trickery
"I’m your cousin’s new number, add me. #190",impersonation
Degree whom ask oil current this.,not bullying
That's a solid take. Respect. #154,not bullying
That's a solid take. Respect. #69,not bullying
That's a solid take. Respect. #236,not bullying
You really posted that thirst trap huh? #145,sexual harassment
"Not gonna lie, that was actually good. #140",not bullying
"I’m your cousin’s new number, add me. #121",impersonation
Week later girl.,not bullying
"It’s me, trust. Just share the OTP. #102",impersonation
Dropped your secrets in the GC. Oops. #83,outing and trickery
Guess who knows what you said in DMs? Everyone. #178,outing and trickery
Only us are going. You stay back. #214,exclusion
That's a solid take. Respect. #60,not bullying
Can’t believe you thought that was private 😂 #169,outing and trickery
Dropped your secrets in the GC. Oops. #121,outing and trickery
"I’m your cousin’s new number, add me. #45",impersonation
It’s a closed circle. Don’t wait up. #106,exclusion
That dress ain't hiding much 😏 #59,sexual harassment
Tricked you into revealing that secret lol. #174,outing and trickery
That's a solid take. Respect. #173,not bullying
Can’t believe you thought that was private 😂 #89,outing and trickery
"Not gonna lie, that was actually good. #172",not bullying
"I’m your cousin’s new number, add me. #127",impersonation
You really posted that thirst trap huh? #2,sexual harassment
Dropped your secrets in the GC. Oops. #97,outing and trickery
This is your professor. Send the file. #216,impersonation
Dropped your secrets in the GC. Oops. #241,outing and trickery
It’s a closed circle. Don’t wait up. #114,exclusion
Only us are going. You stay back. #43,exclusion
You got those pics? 👀 Just asking. #63,sexual harassment
It’s a closed circle. Don’t wait up. #223,exclusion
Only us are going. You stay back. #204,exclusion
You got those pics? 👀 Just asking. #83,sexual harassment
"Hi, I'm from the support team. Credentials please. #131",impersonation
"Hi, I'm from the support team. Credentials please. #129",impersonation
You weren’t added for a reason. Bye. #135,exclusion
Range note like condition.,not bullying
It’s a closed circle. Don’t wait up. #90,exclusion
Can’t believe you thought that was private 😂 #187,outing and trickery
This post aged like milk. 😂 #177,flaming
It’s a closed circle. Don’t wait up. #87,exclusion
You really posted that thirst trap huh? #98,sexual harassment
You really posted that thirst trap huh? #66,sexual harassment
That dress ain't hiding much 😏 #226,sexual harassment
"Hi, I'm from the support team. Credentials please. #113",impersonation
It’s a closed circle. Don’t wait up. #79,exclusion
Can’t believe you thought that was private 😂 #231,outing and trickery
Only us are going. You stay back. #21,exclusion
This is your professor. Send the file. #187,impersonation
Guess who knows what you said in DMs? Everyone. #6,outing and trickery
Did you hit your head before posting this? #70,flaming
"It’s me, trust. Just share the OTP. #20",impersonation
Dropped your secrets in the GC. Oops. #8,outing and trickery
Dropped your secrets in the GC. Oops. #30,outing and trickery
This post aged like milk. 😂 #230,flaming
"Not gonna lie, that was actually good. #100",not bullying
That dress ain't hiding much 😏 #231,sexual harassment
That dress ain't hiding much 😏 #9,sexual harassment
Only us are going. You stay back. #207,exclusion
Did you hit your head before posting this? #118,flaming
It’s a closed circle. Don’t wait up. #86,exclusion
This is your professor. Send the file. #198,impersonation
"You're talking nonsense, fr. #117",flaming
Wish I could see more of you 😉 #164,sexual harassment
"We moved chats, and no you’re not in. #183",exclusion
This post aged like milk. 😂 #227,flaming
Not hard of form forward shake bit. You sound clueless.,flaming
Nice without local inside now mean. You sound clueless.,flaming
"You're talking nonsense, fr. #79",flaming
You really posted that thirst trap huh? #65,sexual harassment
That's a solid take. Respect. #245,not bullying
Did you hit your head before posting this? #156,flaming
"Not gonna lie, that was actually good. #209",not bullying
Dropped your secrets in the GC. Oops. #201,outing and trickery
Tricked you into revealing that secret lol. #39,outing and trickery
That dress ain't hiding much 😏 #212,sexual harassment
Can’t believe you thought that was private 😂 #136,outing and trickery
You weren’t added for a reason. Bye. #228,exclusion
That's a solid take. Respect. #120,not bullying
I see your point and appreciate the insight. #194,not bullying
"Not gonna lie, that was actually good. #216",not bullying
That's a solid take. Respect. #15,not bullying
"We moved chats, and no you’re not in. #159",exclusion
"You're talking nonsense, fr. #90",flaming
Evening goal performance kid international.,not bullying
Only us are going. You stay back. #88,exclusion
"Hi, I'm from the support team. Credentials please. #94",impersonation
"It’s me, trust. Just share the OTP. #202",impersonation
You weren’t added for a reason. Bye. #121,exclusion
"I’m your cousin’s new number, add me. #17",impersonation
That dress ain't hiding much 😏 #101,sexual harassment
"Not gonna lie, that was actually good. #192",not bullying
"It’s me, trust. Just share the OTP. #188",impersonation
I see your point and appreciate the insight. #40,not bullying
Wish I could see more of you 😉 #117,sexual harassment
That dress ain't hiding much 😏 #119,sexual harassment
It’s a closed circle. Don’t wait up. #151,exclusion
It’s a closed circle. Don’t wait up. #199,exclusion
Tricked you into revealing that secret lol. #74,outing and trickery
"Not gonna lie, that was actually good. #52",not bullying
Dropped your secrets in the GC. Oops. #52,outing and trickery
You weren’t added for a reason. Bye. #243,exclusion
Wish I could see more of you 😉 #48,sexual harassment
Start food perhaps while because.,not bullying
This post aged like milk. 😂 #129,flaming
It’s a closed circle. Don’t wait up. #4,exclusion
"Not gonna lie, that was actually good. #80",not bullying
Tricked you into revealing that secret lol. #48,outing and trickery
Did you hit your head before posting this? #88,flaming
That's a solid take. Respect. #208,not bullying
Did you hit your head before posting this? #11,flaming
Only us are going. You stay back. #181,exclusion
Did you hit your head before posting this? #147,flaming
You weren’t added for a reason. Bye. #247,exclusion
You weren’t added for a reason. Bye. #98,exclusion
"It’s me, trust. Just share the OTP. #67",impersonation
"Hi, I'm from the support team. Credentials please. #50",impersonation
"You're talking nonsense, fr. #172",flaming
You really posted that thirst trap huh? #75,sexual harassment
Guess who knows what you said in DMs? Everyone. #164,outing and trickery
"It’s me, trust. Just share the OTP. #137",impersonation
"Not gonna lie, that was actually good. #147",not bullying
You got those pics? 👀 Just asking. #224,sexual harassment
"Hi, I'm from the support team. Credentials please. #47",impersonation
Guess who knows what you said in DMs? Everyone. #69,outing and trickery
"Hi, I'm from the support team. Credentials please. #112",impersonation
Only us are going. You stay back. #178,exclusion
"I’m your cousin’s new number, add me. #148",impersonation
"Hi, I'm from the support team. Credentials please. #152",impersonation
That's a solid take. Respect. #188,not bullying
Did you hit your head before posting this? #135,flaming
Dropped your secrets in the GC. Oops. #53,outing and trickery
I see your point and appreciate the insight. #152,not bullying
You weren’t added for a reason. Bye. #201,exclusion
Did you hit your head before posting this? #176,flaming
You really posted that thirst trap huh? #213,sexual harassment
Guess who knows what you said in DMs? Everyone. #102,outing and trickery
Wish I could see more of you 😉 #37,sexual harassment
Only us are going. You stay back. #25,exclusion
You really posted that thirst trap huh? #187,sexual harassment
Wish I could see more of you 😉 #158,sexual harassment
Guess who knows what you said in DMs? Everyone. #222,outing and trickery
That's a solid take. Respect. #48,not bullying
"We moved chats, and no you’re not in. #53",exclusion
That dress ain't hiding much 😏 #69,sexual harassment
This post aged like milk. 😂 #187,flaming
You got those pics? 👀 Just asking. #195,sexual harassment
You really posted that thirst trap huh? #141,sexual harassment
It’s a closed circle. Don’t wait up. #198,exclusion
Guess who knows what you said in DMs? Everyone. #25,outing and trickery
That dress ain't hiding much 😏 #105,sexual harassment
"We moved chats, and no you’re not in. #224",exclusion
"We moved chats, and no you’re not in. #91",exclusion
Guess who knows what you said in DMs? Everyone. #105,outing and trickery
"You're talking nonsense, fr. #57",flaming
"You're talking nonsense, fr. #173",flaming
I see your point and appreciate the insight. #226,not bullying
It’s a closed circle. Don’t wait up. #213,exclusion
"I’m your cousin’s new number, add me. #117",impersonation
"Not gonna lie, that was actually good. #146",not bullying
Detail require institution hour show. You sound clueless.,flaming
Dropped your secrets in the GC. Oops. #33,outing and trickery
Did you hit your head before posting this? #78,flaming
"It’s me, trust. Just share the OTP. #142",impersonation
Can’t believe you thought that was private 😂 #247,outing and trickery
Can’t believe you thought that was private 😂 #210,outing and trickery
Tricked you into revealing that secret lol. #146,outing and trickery
Only us are going. You stay back. #39,exclusion
Tricked you into revealing that secret lol. #130,outing and trickery
Only us are going. You stay back. #119,exclusion
"I’m your cousin’s new number, add me. #85",impersonation
Dropped your secrets in the GC. Oops. #109,outing and trickery
This post aged like milk. 😂 #46,flaming
Wish I could see more of you 😉 #15,sexual harassment
I see your point and appreciate the insight. #143,not bullying
That's a solid take. Respect. #57,not bullying
"I’m your cousin’s new number, add me. #44",impersonation
"It’s me, trust. Just share the OTP. #249",impersonation
I see your point and appreciate the insight. #222,not bullying
Dropped your secrets in the GC. Oops. #127,outing and trickery
That's a solid take. Respect. #239,not bullying
Decade on main because network. You sound clueless.,flaming
You weren’t added for a reason. Bye. #180,exclusion
That's a solid take. Respect. #45,not bullying
Only us are going. You stay back. #100,exclusion
"We moved chats, and no you’re not in. #186",exclusion
Store style six let.,not bullying
"We moved chats, and no you’re not in. #105",exclusion
"Hi, I'm from the support team. Credentials please. #200",impersonation
Guess who knows what you said in DMs? Everyone. #214,outing and trickery
"Hi, I'm from the support team. Credentials please. #243",impersonation
Dropped your secrets in the GC. Oops. #205,outing and trickery
That dress ain't hiding much 😏 #108,sexual harassment
Dropped your secrets in the GC. Oops. #115,outing and trickery
Challenge be information start.,not bullying
That's a solid take. Respect. #211,not bullying
I see your point and appreciate the insight. #246,not bullying
"We moved chats, and no you’re not in. #93",exclusion
"We moved chats, and no you’re not in. #153",exclusion
That dress ain't hiding much 😏 #129,sexual harassment
Did you hit your head before posting this? #179,flaming
Can’t believe you thought that was private 😂 #108,outing and trickery
"It’s me, trust. Just share the OTP. #211",impersonation
"I’m your cousin’s new number, add me. #177",impersonation
Whole structure market life.,not bullying
"I’m your cousin’s new number, add me. #33",impersonation
It’s a closed circle. Don’t wait up. #1,exclusion
That's a solid take. Respect. #193,not bullying
Can’t believe you thought that was private 😂 #170,outing and trickery
Middle summer admit history.,not bullying
Only us are going. You stay back. #241,exclusion
"You're talking nonsense, fr. #221",flaming
Can’t believe you thought that was private 😂 #144,outing and trickery
Usually pay civil.,not bullying
"It’s me, trust. Just share the OTP. #93",impersonation
It’s a closed circle. Don’t wait up. #40,exclusion
You got those pics? 👀 Just asking. #44,sexual harassment
Those hear different truth outside. You sound clueless.,flaming
Wish I could see more of you 😉 #57,sexual harassment
Tricked you into revealing that secret lol. #36,outing and trickery
Wish I could see more of you 😉 #189,sexual harassment
"You're talking nonsense, fr. #224",flaming
Can’t believe you thought that was private 😂 #221,outing and trickery
You weren’t added for a reason. Bye. #113,exclusion
"I’m your cousin’s new number, add me. #24",impersonation
"It’s me, trust. Just share the OTP. #192",impersonation
This is your professor. Send the file. #104,impersonation
Eye nothing maintain use.,not bullying
You really posted that thirst trap huh? #245,sexual harassment
That's a solid take. Respect. #130,not bullying
Dropped your secrets in the GC. Oops. #155,outing and trickery
"We moved chats, and no you’re not in. #126",exclusion
Guess who knows what you said in DMs? Everyone. #7,outing and trickery
Certainly test life toward.,not bullying
Can’t believe you thought that was private 😂 #95,outing and trickery
It’s a closed circle. Don’t wait up. #185,exclusion
"It’s me, trust. Just share the OTP. #130",impersonation
You really posted that thirst trap huh? #169,sexual harassment
Only us are going. You stay back. #35,exclusion
Wish I could see more of you 😉 #52,sexual harassment
"It’s me, trust. Just share the OTP. #145",impersonation
Tricked you into revealing that secret lol. #68,outing and trickery
Wish I could see more of you 😉 #199,sexual harassment
Tricked you into revealing that secret lol. #229,outing and trickery
This post aged like milk. 😂 #134,flaming
Though begin air traditional. You sound clueless.,flaming
"It’s me, trust. Just share the OTP. #140",impersonation
Only us are going. You stay back. #182,exclusion
Did you hit your head before posting this? #141,flaming
"I’m your cousin’s new number, add me. #162",impersonation
This post aged like milk. 😂 #133,flaming
"You're talking nonsense, fr. #180",flaming
That dress ain't hiding much 😏 #161,sexual harassment
That dress ain't hiding much 😏 #246,sexual harassment
You really posted that thirst trap huh? #156,sexual harassment
You weren’t added for a reason. Bye. #242,exclusion
That's a solid take. Respect. #138,not bullying
"It’s me, trust. Just share the OTP. #37",impersonation
It’s a closed circle. Don’t wait up. #31,exclusion
This post aged like milk. 😂 #168,flaming
Did you hit your head before posting this? #43,flaming
I see your point and appreciate the insight. #32,not bullying
Only us are going. You stay back. #29,exclusion
Wrong discussion adult look officer fund fill too.,not bullying
"I’m your cousin’s new number, add me. #165",impersonation
That's a solid take. Respect. #61,not bullying
Wish I could see more of you 😉 #54,sexual harassment
I see your point and appreciate the insight. #65,not bullying
Wish I could see more of you 😉 #217,sexual harassment
Word hundred magazine create make drive accept beat. You sound clueless.,flaming
This post aged like milk. 😂 #183,flaming
I see your point and appreciate the insight. #46,not bullying
Dropped your secrets in the GC. Oops. #88,outing and trickery
Only us are going. You stay back. #229,exclusion
Guess who knows what you said in DMs? Everyone. #209,outing and trickery
"It’s me, trust. Just share the OTP. #13",impersonation
That's a solid take. Respect. #3,not bullying
This is your professor. Send the file. #86,impersonation
Include week case hear choose low. You sound clueless.,flaming
Speak whole turn PM smile. You sound clueless.,flaming
"Not gonna lie, that was actually good. #22",not bullying
"We moved chats, and no you’re not in. #187",exclusion
You weren’t added for a reason. Bye. #111,exclusion
"I’m your cousin’s new number, add me. #76",impersonation
Dropped your secrets in the GC. Oops. #213,outing and trickery
This post aged like milk. 😂 #223,flaming
Tricked you into revealing that secret lol. #243,outing and trickery
Item Republican cultural organization.,not bullying
"It’s me, trust. Just share the OTP. #237",impersonation
"You're talking nonsense, fr. #217",flaming
Only us are going. You stay back. #20,exclusion
Tricked you into revealing that secret lol. #244,outing and trickery
That's a solid take. Respect. #135,not bullying
Over daughter enough control. You sound clueless.,flaming
I see your point and appreciate the insight. #56,not bullying
This is your professor. Send the file. #78,impersonation
Did you hit your head before posting this? #206,flaming
You got those pics? 👀 Just asking. #22,sexual harassment
"We moved chats, and no you’re not in. #54",exclusion
You weren’t added for a reason. Bye. #101,exclusion
Wish I could see more of you 😉 #0,sexual harassment
You really posted that thirst trap huh? #97,sexual harassment
You really posted that thirst trap huh? #234,sexual harassment
Word bill huge foot.,not bullying
Dropped your secrets in the GC. Oops. #0,outing and trickery
I see your point and appreciate the insight. #119,not bullying
Can’t believe you thought that was private 😂 #230,outing and trickery
That dress ain't hiding much 😏 #32,sexual harassment
"I’m your cousin’s new number, add me. #124",impersonation
This post aged like milk. 😂 #85,flaming
That's a solid take. Respect. #168,not bullying
Fill old economic style story husband.,not bullying
That dress ain't hiding much 😏 #49,sexual harassment
That dress ain't hiding much 😏 #86,sexual harassment
"Not gonna lie, that was actually good. #207",not bullying
You got those pics? 👀 Just asking. #17,sexual harassment
"Hi, I'm from the support team. Credentials please. #174",impersonation
Guess who knows what you said in DMs? Everyone. #140,outing and trickery
"I’m your cousin’s new number, add me. #98",impersonation
"Not gonna lie, that was actually good. #63",not bullying
That's a solid take. Respect. #114,not bullying
That dress ain't hiding much 😏 #77,sexual harassment
Guess who knows what you said in DMs? Everyone. #66,outing and trickery
Tricked you into revealing that secret lol. #227,outing and trickery
This post aged like milk. 😂 #120,flaming
That dress ain't hiding much 😏 #220,sexual harassment
You really posted that thirst trap huh? #40,sexual harassment
Did you hit your head before posting this? #207,flaming
Wish I could see more of you 😉 #38,sexual harassment
That's a solid take. Respect. #83,not bullying
You weren’t added for a reason. Bye. #107,exclusion
"I’m your cousin’s new number, add me. #144",impersonation
That dress ain't hiding much 😏 #110,sexual harassment
This is your professor. Send the file. #22,impersonation
Only us are going. You stay back. #245,exclusion
Yes fall respond reach. You sound clueless.,flaming
This is your professor. Send the file. #30,impersonation
Tricked you into revealing that secret lol. #157,outing and trickery
Guess who knows what you said in DMs? Everyone. #176,outing and trickery
You got those pics? 👀 Just asking. #180,sexual harassment
"It’s me, trust. Just share the OTP. #71",impersonation
You really posted that thirst trap huh? #50,sexual harassment
"Hi, I'm from the support team. Credentials please. #25",impersonation
Guess who knows what you said in DMs? Everyone. #211,outing and trickery
"It’s me, trust. Just share the OTP. #184",impersonation
You weren’t added for a reason. Bye. #123,exclusion
Wish I could see more of you 😉 #218,sexual harassment
Did you hit your head before posting this? #175,flaming
Did you hit your head before posting this? #132,flaming
"We moved chats, and no you’re not in. #120",exclusion
Can’t believe you thought that was private 😂 #12,outing and trickery
"I’m your cousin’s new number, add me. #15",impersonation
This post aged like milk. 😂 #215,flaming
Position own establish.,not bullying
Did you hit your head before posting this? #239,flaming
That's a solid take. Respect. #136,not bullying
Only us are going. You stay back. #163,exclusion
"You're talking nonsense, fr. #198",flaming
Risk challenge movie million. You sound clueless.,flaming
"Hi, I'm from the support team. Credentials please. #2",impersonation
"We moved chats, and no you’re not in. #138",exclusion
Serious conference threat start draw attention.,not bullying
That dress ain't hiding much 😏 #136,sexual harassment
Can’t believe you thought that was private 😂 #58,outing and trickery
It’s a closed circle. Don’t wait up. #44,exclusion
You got those pics? 👀 Just asking. #128,sexual harassment
"Hi, I'm from the support team. Credentials please. #203",impersonation
"Not gonna lie, that was actually good. #242",not bullying
You weren’t added for a reason. Bye. #95,exclusion
"We moved chats, and no you’re not in. #246",exclusion
You really posted that thirst trap huh? #236,sexual harassment
You got those pics? 👀 Just asking. #35,sexual harassment
I see your point and appreciate the insight. #23,not bullying
Only us are going. You stay back. #85,exclusion
You got those pics? 👀 Just asking. #175,sexual harassment
That dress ain't hiding much 😏 #46,sexual harassment
"Hi, I'm from the support team. Credentials please. #164",impersonation
Kitchen foot positive science. You sound clueless.,flaming
"Hi, I'm from the support team. Credentials please. #35",impersonation
Wish I could see more of you 😉 #34,sexual harassment
That's a solid take. Respect. #13,not bullying
Only us are going. You stay back. #45,exclusion
Wish I could see more of you 😉 #162,sexual harassment
Can’t believe you thought that was private 😂 #100,outing and trickery
"You're talking nonsense, fr. #37",flaming
Operation cost next around good amount. You sound clueless.,flaming
"Not gonna lie, that was actually good. #195",not bullying
Only us are going. You stay back. #6,exclusion
I see your point and appreciate the insight. #177,not bullying
Guess who knows what you said in DMs? Everyone. #218,outing and trickery
Guess who knows what you said in DMs? Everyone. #220,outing and trickery
"It’s me, trust. Just share the OTP. #125",impersonation
This is your professor. Send the file. #80,impersonation
Example plant million most establish enjoy. You sound clueless.,flaming
This post aged like milk. 😂 #145,flaming
You got those pics? 👀 Just asking. #104,sexual harassment
You got those pics? 👀 Just asking. #190,sexual harassment
Choose however truth look anything medical agree.,not bullying
Dropped your secrets in the GC. Oops. #85,outing and trickery
You got those pics? 👀 Just asking. #26,sexual harassment
This is your professor. Send the file. #189,impersonation
Can’t believe you thought that was private 😂 #216,outing and trickery
That dress ain't hiding much 😏 #177,sexual harassment
That's a solid take. Respect. #230,not bullying
This post aged like milk. 😂 #144,flaming
You really posted that thirst trap huh? #58,sexual harassment
"Hi, I'm from the support team. Credentials please. #208",impersonation
Dropped your secrets in the GC. Oops. #246,outing and trickery
Only us are going. You stay back. #12,exclusion
You weren’t added for a reason. Bye. #177,exclusion
It’s a closed circle. Don’t wait up. #112,exclusion
"Hi, I'm from the support team. Credentials please. #180",impersonation
You really posted that thirst trap huh? #82,sexual harassment
You really posted that thirst trap huh? #186,sexual harassment
"Not gonna lie, that was actually good. #219",not bullying
Tricked you into revealing that secret lol. #149,outing and trickery
"Not gonna lie, that was actually good. #18",not bullying
You weren’t added for a reason. Bye. #118,exclusion
You got those pics? 👀 Just asking. #92,sexual harassment
You weren’t added for a reason. Bye. #220,exclusion
Dropped your secrets in the GC. Oops. #14,outing and trickery
"I’m your cousin’s new number, add me. #63",impersonation
Long plan page mean go.,not bullying
This post aged like milk. 😂 #110,flaming
"It’s me, trust. Just share the OTP. #105",impersonation
Appear enjoy medical certainly food boy ahead their set. You sound clueless.,flaming
I see your point and appreciate the insight. #76,not bullying
Skin board by you goal where prove major. You sound clueless.,flaming
Employee analysis structure positive chance than.,not bullying
Husband clearly finish behavior whether weight imagine.,not bullying
You weren’t added for a reason. Bye. #208,exclusion
Wish I could see more of you 😉 #157,sexual harassment
That dress ain't hiding much 😏 #88,sexual harassment
Did you hit your head before posting this? #158,flaming
"It’s me, trust. Just share the OTP. #227",impersonation
"It’s me, trust. Just share the OTP. #224",impersonation
"I’m your cousin’s new number, add me. #83",impersonation
It’s a closed circle. Don’t wait up. #77,exclusion
Me already modern so.,not bullying
Can’t believe you thought that was private 😂 #119,outing and trickery
It’s a closed circle. Don’t wait up. #212,exclusion
This is your professor. Send the file. #217,impersonation
You got those pics? 👀 Just asking. #176,sexual harassment
This is your professor. Send the file. #96,impersonation
"Not gonna lie, that was actually good. #205",not bullying
Certainly note five figure red past.,not bullying
Direction produce military agency. You sound clueless.,flaming
This post aged like milk. 😂 #212,flaming
Tricked you into revealing that secret lol. #87,outing and trickery
Only us are going. You stay back. #22,exclusion
Dropped your secrets in the GC. Oops. #186,outing and trickery
This post aged like milk. 😂 #240,flaming
That's a solid take. Respect. #223,not bullying
Only us are going. You stay back. #230,exclusion
You really posted that thirst trap huh? #56,sexual harassment
You really posted that thirst trap huh? #55,sexual harassment
Guess who knows what you said in DMs? Everyone. #103,outing and trickery
"You're talking nonsense, fr. #163",flaming
Did you hit your head before posting this? #188,flaming
"It’s me, trust. Just share the OTP. #231",impersonation
You got those pics? 👀 Just asking. #25,sexual harassment
"Hi, I'm from the support team. Credentials please. #155",impersonation
You really posted that thirst trap huh? #209,sexual harassment
Only us are going. You stay back. #128,exclusion
Dropped your secrets in the GC. Oops. #139,outing and trickery
"Not gonna lie, that was actually good. #86",not bullying
Only us are going. You stay back. #49,exclusion
"You're talking nonsense, fr. #49",flaming
You got those pics? 👀 Just asking. #206,sexual harassment
"Hi, I'm from the support team. Credentials please. #58",impersonation
"It’s me, trust. Just share the OTP. #27",impersonation
Tricked you into revealing that secret lol. #112,outing and trickery
"Not gonna lie, that was actually good. #249",not bullying
Wish I could see more of you 😉 #89,sexual harassment
You really posted that thirst trap huh? #60,sexual harassment
That dress ain't hiding much 😏 #214,sexual harassment
"It’s me, trust. Just share the OTP. #232",impersonation
It’s a closed circle. Don’t wait up. #156,exclusion
Guess who knows what you said in DMs? Everyone. #1,outing and trickery
Can’t believe you thought that was private 😂 #168,outing and trickery
Dropped your secrets in the GC. Oops. #249,outing and trickery
"We moved chats, and no you’re not in. #81",exclusion
Did you hit your head before posting this? #210,flaming
That dress ain't hiding much 😏 #111,sexual harassment
Tricked you into revealing that secret lol. #236,outing and trickery
Wish I could see more of you 😉 #71,sexual harassment
You got those pics? 👀 Just asking. #4,sexual harassment
They difference recognize true blue budget read. You sound clueless.,flaming
It’s a closed circle. Don’t wait up. #74,exclusion
You weren’t added for a reason. Bye. #11,exclusion
Wish I could see more of you 😉 #225,sexual harassment
Can’t believe you thought that was private 😂 #118,outing and trickery
You got those pics? 👀 Just asking. #201,sexual harassment
Dropped your secrets in the GC. Oops. #91,outing and trickery
"I’m your cousin’s new number, add me. #191",impersonation
Also wall thousand school stuff. You sound clueless.,flaming
Can’t believe you thought that was private 😂 #179,outing and trickery
This is your professor. Send the file. #21,impersonation
You weren’t added for a reason. Bye. #162,exclusion
"It’s me, trust. Just share the OTP. #229",impersonation
You really posted that thirst trap huh? #165,sexual harassment
Tricked you into revealing that secret lol. #148,outing and trickery
This post aged like milk. 😂 #174,flaming
"We moved chats, and no you’re not in. #130",exclusion
Did you hit your head before posting this? #32,flaming
I see your point and appreciate the insight. #127,not bullying
"I’m your cousin’s new number, add me. #215",impersonation
Dropped your secrets in the GC. Oops. #27,outing and trickery
"It’s me, trust. Just share the OTP. #90",impersonation
It’s a closed circle. Don’t wait up. #72,exclusion
"It’s me, trust. Just share the OTP. #95",impersonation
"You're talking nonsense, fr. #60",flaming
"Hi, I'm from the support team. Credentials please. #107",impersonation
Wish I could see more of you 😉 #142,sexual harassment
This is your professor. Send the file. #153,impersonation
"Not gonna lie, that was actually good. #38",not bullying
Kind picture total final here none. You sound clueless.,flaming
Another effort rate method at.,not bullying
Only us are going. You stay back. #173,exclusion
"Not gonna lie, that was actually good. #64",not bullying
This post aged like milk. 😂 #246,flaming
"You're talking nonsense, fr. #52",flaming
This is your professor. Send the file. #28,impersonation
Tricked you into revealing that secret lol. #73,outing and trickery
Action region unit that specific on. You sound clueless.,flaming
"Hi, I'm from the support team. Credentials please. #233",impersonation
I see your point and appreciate the insight. #105,not bullying
This post aged like milk. 😂 #216,flaming
Dropped your secrets in the GC. Oops. #182,outing and trickery
Dropped your secrets in the GC. Oops. #184,outing and trickery
Wish I could see more of you 😉 #43,sexual harassment
This is your professor. Send the file. #221,impersonation
That's a solid take. Respect. #54,not bullying
You got those pics? 👀 Just asking. #130,sexual harassment
Can’t believe you thought that was private 😂 #195,outing and trickery
Only us are going. You stay back. #94,exclusion
Price detail next.,not bullying
Wish I could see more of you 😉 #178,sexual harassment
This is your professor. Send the file. #4,impersonation
I see your point and appreciate the insight. #34,not bullying
"I’m your cousin’s new number, add me. #222",impersonation
That dress ain't hiding much 😏 #113,sexual harassment
Dropped your secrets in the GC. Oops. #152,outing and trickery
Dropped your secrets in the GC. Oops. #3,outing and trickery
Guess who knows what you said in DMs? Everyone. #90,outing and trickery
Tricked you into revealing that secret lol. #43,outing and trickery
Dropped your secrets in the GC. Oops. #38,outing and trickery
That dress ain't hiding much 😏 #188,sexual harassment
You really posted that thirst trap huh? #112,sexual harassment
"It’s me, trust. Just share the OTP. #54",impersonation
This post aged like milk. 😂 #82,flaming
You really posted that thirst trap huh? #152,sexual harassment
You really posted that thirst trap huh? #171,sexual harassment
"You're talking nonsense, fr. #36",flaming
Guess who knows what you said in DMs? Everyone. #55,outing and trickery
This post aged like milk. 😂 #55,flaming
"Hi, I'm from the support team. Credentials please. #185",impersonation
Tricked you into revealing that secret lol. #63,outing and trickery
This is your professor. Send the file. #220,impersonation
Wish I could see more of you 😉 #182,sexual harassment
Did you hit your head before posting this? #30,flaming
"Not gonna lie, that was actually good. #79",not bullying
It’s a closed circle. Don’t wait up. #7,exclusion
I see your point and appreciate the insight. #82,not bullying
Can’t believe you thought that was private 😂 #24,outing and trickery
"It’s me, trust. Just share the OTP. #72",impersonation
Can’t believe you thought that was private 😂 #42,outing and trickery
Did you hit your head before posting this? #157,flaming
Did you hit your head before posting this? #45,flaming
Wish I could see more of you 😉 #248,sexual harassment
Dropped your secrets in the GC. Oops. #142,outing and trickery
Wish I could see more of you 😉 #194,sexual harassment
This is your professor. Send the file. #14,impersonation
"It’s me, trust. Just share the OTP. #56",impersonation
Only us are going. You stay back. #51,exclusion
"You're talking nonsense, fr. #13",flaming
I see your point and appreciate the insight. #243,not bullying
That dress ain't hiding much 😏 #72,sexual harassment
"We moved chats, and no you’re not in. #192",exclusion
"I’m your cousin’s new number, add me. #172",impersonation
Tricked you into revealing that secret lol. #32,outing and trickery
"It’s me, trust. Just share the OTP. #41",impersonation
That's a solid take. Respect. #150,not bullying
Wish I could see more of you 😉 #91,sexual harassment
Can’t believe you thought that was private 😂 #133,outing and trickery
You got those pics? 👀 Just asking. #242,sexual harassment
This post aged like milk. 😂 #148,flaming
You weren’t added for a reason. Bye. #61,exclusion
Guess who knows what you said in DMs? Everyone. #167,outing and trickery
Evidence get happy town guess also look.,not bullying
"It’s me, trust. Just share the OTP. #70",impersonation
Forward difference response talk it federal enjoy whole.,not bullying
You weren’t added for a reason. Bye. #47,exclusion
This is your professor. Send the file. #75,impersonation
You really posted that thirst trap huh? #249,sexual harassment
You really posted that thirst trap huh? #41,sexual harassment
Democrat their very student former least. You sound clueless.,flaming
This is your professor. Send the file. #132,impersonation
That's a solid take. Respect. #220,not bullying
"Not gonna lie, that was actually good. #16",not bullying
Can’t believe you thought that was private 😂 #99,outing and trickery
That dress ain't hiding much 😏 #85,sexual harassment
"It’s me, trust. Just share the OTP. #213",impersonation
Guess who knows what you said in DMs? Everyone. #223,outing and trickery
Guess who knows what you said in DMs? Everyone. #13,outing and trickery
You really posted that thirst trap huh? #76,sexual harassment
"We moved chats, and no you’re not in. #125",exclusion
"Not gonna lie, that was actually good. #99",not bullying
Wish I could see more of you 😉 #222,sexual harassment
Dropped your secrets in the GC. Oops. #194,outing and trickery
This post aged like milk. 😂 #190,flaming
This post aged like milk. 😂 #243,flaming
"Hi, I'm from the support team. Credentials please. #186",impersonation
Tricked you into revealing that secret lol. #35,outing and trickery
"I’m your cousin’s new number, add me. #55",impersonation
"Not gonna lie, that was actually good. #184",not bullying
Rise drive history man assume.,not bullying
Can’t believe you thought that was private 😂 #18,outing and trickery
That dress ain't hiding much 😏 #131,sexual harassment
Dropped your secrets in the GC. Oops. #21,outing and trickery
"It’s me, trust. Just share the OTP. #206",impersonation
Only us are going. You stay back. #115,exclusion
Dropped your secrets in the GC. Oops. #20,outing and trickery
Did you hit your head before posting this? #76,flaming
"You're talking nonsense, fr. #138",flaming
"We moved chats, and no you’re not in. #68",exclusion
Tricked you into revealing that secret lol. #183,outing and trickery
That dress ain't hiding much 😏 #170,sexual harassment
Very protect test idea bit pay it. You sound clueless.,flaming
You really posted that thirst trap huh? #8,sexual harassment
"I’m your cousin’s new number, add me. #106",impersonation
It’s a closed circle. Don’t wait up. #10,exclusion
"Hi, I'm from the support team. Credentials please. #36",impersonation
You weren’t added for a reason. Bye. #190,exclusion
Mother half option role pressure research.,not bullying
"Not gonna lie, that was actually good. #198",not bullying
This post aged like milk. 😂 #38,flaming
That dress ain't hiding much 😏 #7,sexual harassment
This is your professor. Send the file. #170,impersonation
Wish I could see more of you 😉 #47,sexual harassment
Did you hit your head before posting this? #0,flaming
"I’m your cousin’s new number, add me. #205",impersonation
"You're talking nonsense, fr. #245",flaming
It’s a closed circle. Don’t wait up. #67,exclusion
I see your point and appreciate the insight. #217,not bullying
It’s a closed circle. Don’t wait up. #216,exclusion
Can’t believe you thought that was private 😂 #54,outing and trickery
"It’s me, trust. Just share the OTP. #8",impersonation
Did you hit your head before posting this? #17,flaming
"I’m your cousin’s new number, add me. #66",impersonation
That dress ain't hiding much 😏 #207,sexual harassment
Wish I could see more of you 😉 #153,sexual harassment
You got those pics? 👀 Just asking. #140,sexual harassment
Ever matter picture effort money stop. You sound clueless.,flaming
Can’t believe you thought that was private 😂 #242,outing and trickery
That dress ain't hiding much 😏 #196,sexual harassment
This post aged like milk. 😂 #167,flaming
"Hi, I'm from the support team. Credentials please. #201",impersonation
This is your professor. Send the file. #241,impersonation
This is your professor. Send the file. #101,impersonation
"Hi, I'm from the support team. Credentials please. #150",impersonation
Did you hit your head before posting this? #73,flaming
I see your point and appreciate the insight. #122,not bullying
That's a solid take. Respect. #149,not bullying
"I’m your cousin’s new number, add me. #178",impersonation
You really posted that thirst trap huh? #109,sexual harassment
"It’s me, trust. Just share the OTP. #81",impersonation
That dress ain't hiding much 😏 #1,sexual harassment
"I’m your cousin’s new number, add me. #239",impersonation
You got those pics? 👀 Just asking. #118,sexual harassment
You weren’t added for a reason. Bye. #64,exclusion
You really posted that thirst trap huh? #93,sexual harassment
Can’t believe you thought that was private 😂 #117,outing and trickery
"We moved chats, and no you’re not in. #34",exclusion
Guess who knows what you said in DMs? Everyone. #19,outing and trickery
That's a solid take. Respect. #62,not bullying
"We moved chats, and no you’re not in. #58",exclusion
You weren’t added for a reason. Bye. #15,exclusion
This is your professor. Send the file. #103,impersonation
Dropped your secrets in the GC. Oops. #171,outing and trickery
This post aged like milk. 😂 #181,flaming
It’s a closed circle. Don’t wait up. #83,exclusion
You got those pics? 👀 Just asking. #42,sexual harassment
Tricked you into revealing that secret lol. #181,outing and trickery
You weren’t added for a reason. Bye. #63,exclusion
Window meet sort television marriage from part.,not bullying
"Not gonna lie, that was actually good. #166",not bullying
I see your point and appreciate the insight. #58,not bullying
That's a solid take. Respect. #84,not bullying
Tricked you into revealing that secret lol. #154,outing and trickery
That dress ain't hiding much 😏 #191,sexual harassment
Only us are going. You stay back. #239,exclusion
You weren’t added for a reason. Bye. #28,exclusion
You weren’t added for a reason. Bye. #99,exclusion
"You're talking nonsense, fr. #100",flaming
Seat hope great dream visit hair. You sound clueless.,flaming
Tricked you into revealing that secret lol. #189,outing and trickery
Dropped your secrets in the GC. Oops. #212,outing and trickery
"You're talking nonsense, fr. #95",flaming
Only us are going. You stay back. #62,exclusion
Only us are going. You stay back. #141,exclusion
That's a solid take. Respect. #191,not bullying
Can’t believe you thought that was private 😂 #92,outing and trickery
"We moved chats, and no you’re not in. #8",exclusion
Wish I could see more of you 😉 #120,sexual harassment
You weren’t added for a reason. Bye. #30,exclusion
You weren’t added for a reason. Bye. #157,exclusion
You really posted that thirst trap huh? #62,sexual harassment
Dropped your secrets in the GC. Oops. #128,outing and trickery
You weren’t added for a reason. Bye. #50,exclusion
Close current international watch foot figure expert buy marriage. You sound clueless.,flaming
You really posted that thirst trap huh? #13,sexual harassment
Education drop example yourself.,not bullying
You got those pics? 👀 Just asking. #81,sexual harassment
Tricked you into revealing that secret lol. #62,outing and trickery
That dress ain't hiding much 😏 #208,sexual harassment
"You're talking nonsense, fr. #211",flaming
You got those pics? 👀 Just asking. #160,sexual harassment
"You're talking nonsense, fr. #81",flaming
Wear medical apply free social hit moment. You sound clueless.,flaming
You got those pics? 👀 Just asking. #122,sexual harassment
Did you hit your head before posting this? #63,flaming
Can’t believe you thought that was private 😂 #61,outing and trickery
"You're talking nonsense, fr. #4",flaming
I see your point and appreciate the insight. #113,not bullying
Can’t believe you thought that was private 😂 #29,outing and trickery
This is your professor. Send the file. #136,impersonation
Did you hit your head before posting this? #14,flaming
Side camera give attorney computer impact line. You sound clueless.,flaming
Tricked you into revealing that secret lol. #203,outing and trickery
"We moved chats, and no you’re not in. #60",exclusion
Only us are going. You stay back. #170,exclusion
Thank point within pay give up clear. You sound clueless.,flaming
Wish I could see more of you 😉 #205,sexual harassment
Can’t believe you thought that was private 😂 #59,outing and trickery
"We moved chats, and no you’re not in. #142",exclusion
This is your professor. Send the file. #204,impersonation
Only us are going. You stay back. #236,exclusion
Only us are going. You stay back. #158,exclusion
Only us are going. You stay back. #65,exclusion
You got those pics? 👀 Just asking. #149,sexual harassment
This post aged like milk. 😂 #6,flaming
"We moved chats, and no you’re not in. #202",exclusion
Tricked you into revealing that secret lol. #177,outing and trickery
"Hi, I'm from the support team. Credentials please. #88",impersonation
This is your professor. Send the file. #91,impersonation
Can’t believe you thought that was private 😂 #76,outing and trickery
This is your professor. Send the file. #230,impersonation
You weren’t added for a reason. Bye. #227,exclusion
That dress ain't hiding much 😏 #133,sexual harassment
Source however include lead over Mr.,not bullying
"Not gonna lie, that was actually good. #176",not bullying
Only us are going. You stay back. #209,exclusion
Indicate police indicate author under than. You sound clueless.,flaming
Guess who knows what you said in DMs? Everyone. #129,outing and trickery
This is your professor. Send the file. #207,impersonation
"It’s me, trust. Just share the OTP. #5",impersonation
Dropped your secrets in the GC. Oops. #172,outing and trickery
Guess who knows what you said in DMs? Everyone. #134,outing and trickery
That dress ain't hiding much 😏 #239,sexual harassment
It’s a closed circle. Don’t wait up. #221,exclusion
Guess who knows what you said in DMs? Everyone. #11,outing and trickery
This post aged like milk. 😂 #234,flaming
This post aged like milk. 😂 #34,flaming
Did you hit your head before posting this? #161,flaming
I see your point and appreciate the insight. #248,not bullying
Did you hit your head before posting this? #209,flaming
Dropped your secrets in the GC. Oops. #41,outing and trickery
That dress ain't hiding much 😏 #240,sexual harassment
"You're talking nonsense, fr. #106",flaming
It’s a closed circle. Don’t wait up. #56,exclusion
It’s a closed circle. Don’t wait up. #184,exclusion
"You're talking nonsense, fr. #72",flaming
That dress ain't hiding much 😏 #114,sexual harassment
You really posted that thirst trap huh? #94,sexual harassment
Can’t believe you thought that was private 😂 #110,outing and trickery
Guess who knows what you said in DMs? Everyone. #126,outing and trickery
Home should brother skill.,not bullying
You really posted that thirst trap huh? #211,sexual harassment
It’s a closed circle. Don’t wait up. #117,exclusion
Wish I could see more of you 😉 #154,sexual harassment
"We moved chats, and no you’re not in. #146",exclusion
"Not gonna lie, that was actually good. #179",not bullying
"Hi, I'm from the support team. Credentials please. #161",impersonation
Did you hit your head before posting this? #103,flaming
"Hi, I'm from the support team. Credentials please. #175",impersonation
Choice close whole research material.,not bullying
Did you hit your head before posting this? #27,flaming
Speech bank relate generation. You sound clueless.,flaming
"You're talking nonsense, fr. #159",flaming
Guess who knows what you said in DMs? Everyone. #5,outing and trickery
Only us are going. You stay back. #171,exclusion
That dress ain't hiding much 😏 #84,sexual harassment
You weren’t added for a reason. Bye. #3,exclusion
This post aged like milk. 😂 #189,flaming
"I’m your cousin’s new number, add me. #163",impersonation
Only us are going. You stay back. #191,exclusion
You got those pics? 👀 Just asking. #33,sexual harassment
That dress ain't hiding much 😏 #36,sexual harassment
Force feeling company information become suggest.,not bullying
Can’t believe you thought that was private 😂 #150,outing and trickery
"I’m your cousin’s new number, add me. #42",impersonation
Tricked you into revealing that secret lol. #60,outing and trickery
Guess who knows what you said in DMs? Everyone. #22,outing and trickery
Did you hit your head before posting this? #131,flaming
I see your point and appreciate the insight. #53,not bullying
Role account protect voice.,not bullying
That dress ain't hiding much 😏 #11,sexual harassment
You got those pics? 👀 Just asking. #70,sexual harassment
"We moved chats, and no you’re not in. #80",exclusion
Wish I could see more of you 😉 #143,sexual harassment
"It’s me, trust. Just share the OTP. #65",impersonation
"Hi, I'm from the support team. Credentials please. #1",impersonation
Dropped your secrets in the GC. Oops. #84,outing and trickery
What Republican stay reflect. You sound clueless.,flaming
Guess who knows what you said in DMs? Everyone. #175,outing and trickery
Answer road compare individual money.,not bullying
"Hi, I'm from the support team. Credentials please. #159",impersonation
"Hi, I'm from the support team. Credentials please. #11",impersonation
This is your professor. Send the file. #9,impersonation
"Hi, I'm from the support team. Credentials please. #171",impersonation
You weren’t added for a reason. Bye. #140,exclusion
"You're talking nonsense, fr. #64",flaming
Dropped your secrets in the GC. Oops. #239,outing and trickery
That's a solid take. Respect. #66,not bullying
Tricked you into revealing that secret lol. #161,outing and trickery
"It’s me, trust. Just share the OTP. #34",impersonation
Wish I could see more of you 😉 #241,sexual harassment
This is your professor. Send the file. #0,impersonation
"We moved chats, and no you’re not in. #71",exclusion
This post aged like milk. 😂 #233,flaming
"Not gonna lie, that was actually good. #137",not bullying
"You're talking nonsense, fr. #8",flaming
I see your point and appreciate the insight. #71,not bullying
